"PMID","PMCID","DOI","Version","MID","IsCurrent","IsLive","ReleaseDate","Msg"
"32295925","PMC7307142","10.1128/JVI.00426-20","","","",1,"",""
"32373138","PMC7176908","10.3389/fpls.2020.00355","","","",1,"",""
"32128578","PMC7243144","10.1182/blood.2019002867","","","",1,"",""
"32284379","PMC7269492","10.1128/AAC.00086-20","","","",1,"",""
"32015507","PMC7095418","10.1038/s41586-020-2012-7","","","",1,"",""
"32094589","PMC7095430","10.1038/s41564-020-0688-y","","","",1,"",""
"32007643","PMC7110798","10.1016/j.ijid.2020.01.050","","","",1,"",""
"31994738","PMC7166400","10.1002/jmv.25688","","","",1,"",""
"32054124","PMC7073840","10.3390/jcm9020498","","","",1,"",""
"32004758","PMC7106301","10.1016/j.meegid.2020.104212","","","",1,"",""
"32065055","PMC7048180","10.1080/22221751.2020.1729069","","","",1,"",""
"32108862","PMC7112083","10.1093/bioinformatics/btaa145","","","",1,"",""
"32027036","PMC7166773","10.1002/jmv.25700","","","",1,"",""
"32106567","PMC7150947","10.3390/v12030254","","","",1,"",""
"32075877","PMC7164637","10.1126/science.abb2507","","","",1,"",""
"32199615","PMC7156119","10.1016/j.bbrc.2020.03.044","","","",1,"",""
"32290077","PMC7232534","10.3390/v12040428","","","",1,"",""
"32155444","PMC7102599","10.1016/j.cell.2020.02.058","","","",1,"",""
"32298273","PMC7161957","10.1371/journal.pone.0230295","","","",1,"",""
"32304108","PMC7264519","10.1002/pro.3873","","","",1,"",""
"32363136","PMC7194921","10.1016/j.apsb.2020.04.009","","","",1,"",""
"32276051","PMC7144851","10.1016/j.jmoldx.2020.03.006","","","",1,"",""
"32231345","PMC7104723","10.1038/s41422-020-0305-x","","","",1,"",""
"32205350","PMC7179581","10.1128/AAC.00440-20","","","",1,"",""
"32245784","PMC7164391","10.1126/science.abb7269","","","",1,"",""
"32296544","PMC7147362","10.1093/ve/veaa027","","","",1,"",""
"32244779","PMC7230814","10.3390/jcm9040982","","","",1,"",""
"32837536","PMC7262083","10.1111/eva.12980","","","",1,"",""
"32301705","PMC7182430","10.7554/eLife.57003","","","",1,"",""
"31858614","PMC6996574","10.15252/embj.2019103365","","","",1,"",""
"31874644","PMC6929267","10.1186/s12864-019-6294-9","","","",1,"",""
"31877067","PMC7183766","10.1091/mbc.E19-09-0550","","","",1,"",""
"32255792","PMC7138313","10.1371/journal.pone.0223548","","","",1,"",""
"31867094","PMC6907167","10.1186/s13227-019-0146-1","","","",1,"",""
"32182360","PMC7192604","10.1093/nar/gkaa162","","","",1,"",""
"31988290","PMC6985126","10.1038/s41467-020-14381-2","","","",1,"",""
"32119833","PMC7225061","10.1016/j.ydbio.2020.02.013","","","",0,"2021-06-01",""
"32106526","PMC7139599","10.3390/cancers12030529","","","",1,"",""
"31955847","PMC7072036","10.1016/j.cell.2019.12.029","","","",1,"",""
"31826974","PMC6908425","10.1128/mSphere.00796-19","","","",1,"",""
"31980450","PMC7054013","10.1534/genetics.119.302994","","","",1,"",""
"32152322","PMC7062901","10.1038/s41467-020-14908-7","","","",1,"",""
"32130220","PMC7055868","10.1371/journal.pone.0226173","","","",1,"",""
"32267900","PMC7141627","10.1371/journal.pone.0231418","","","",1,"",""
"32030338","PMC6982617","10.1007/s13205-020-2051-7","","","",1,"",""
"32191733","PMC7081990","10.1371/journal.pone.0226584","","","",1,"",""
"31977191","PMC7521609","10.1021/acs.biochem.9b01070","","","",1,"",""
"","","10.1038/s41586-020-2223-y","","","",0,"","invalid article id"
"","","10.1016/j.celrep.2020.02.018","","","",0,"","invalid article id"
"","","10.1021/acsabm.9b01171","","","",0,"","invalid article id"
"","","10.1007/s00300-020-02670-x","","","",0,"","invalid article id"
"","","10.1016/j.metabol.2019.153990","","","",0,"","invalid article id"
"","","10.1016/j.actbio.2020.03.019","","","",0,"","invalid article id"
"","","10.3934/mbe.2020159","","","",0,"","invalid article id"
"","","10.1016/j.celrep.2020.02.114","","","",0,"","invalid article id"
"","","10.1016/j.ijpara.2020.01.002","","","",0,"","invalid article id"
"","","10.1007/s11033-019-05213-8","","","",0,"","invalid article id"
"","","10.1093/bioinformatics/btz899","","","",0,"","invalid article id"
"","","10.1111/ddi.13050","","","",0,"","invalid article id"
"","","10.1038/s41586-020-2169-0","","","",0,"","invalid article id"
