biorxiv_doi_url	pmcid_url	is_same_paper_1	comments_1	is_same_paper_2	comments_2	is_same_paper_3	comments_3
https://doi.org/10.1101/148494	https://www.ncbi.nlm.nih.gov/pmc/PMC6292624	True		True			
https://doi.org/10.1101/320200	https://www.ncbi.nlm.nih.gov/pmc/PMC6281320	True		True			
https://doi.org/10.1101/376665	https://www.ncbi.nlm.nih.gov/pmc/PMC6602326	True		True			
https://doi.org/10.1101/721621	https://www.ncbi.nlm.nih.gov/pmc/PMC6957298	True		True			
https://doi.org/10.1101/201160	https://www.ncbi.nlm.nih.gov/pmc/PMC6428895	True		True			
https://doi.org/10.1101/413450	https://www.ncbi.nlm.nih.gov/pmc/PMC2967545	True		False		False	
https://doi.org/10.1101/283275	https://www.ncbi.nlm.nih.gov/pmc/PMC6205808	True		True			
https://doi.org/10.1101/411736	https://www.ncbi.nlm.nih.gov/pmc/PMC6697328	True		True			
https://doi.org/10.1101/352427	https://www.ncbi.nlm.nih.gov/pmc/PMC6222586	True		True			
https://doi.org/10.1101/736231	https://www.ncbi.nlm.nih.gov/pmc/PMC6801956	True		True			
https://doi.org/10.1101/659490	https://www.ncbi.nlm.nih.gov/pmc/PMC4416928	False		False			
https://doi.org/10.1101/700468	https://www.ncbi.nlm.nih.gov/pmc/PMC6810669	True		True			
https://doi.org/10.1101/819557	https://www.ncbi.nlm.nih.gov/pmc/PMC2898686	False		False			
https://doi.org/10.1101/684670	https://www.ncbi.nlm.nih.gov/pmc/PMC6643387	False		False			
https://doi.org/10.1101/512731	https://www.ncbi.nlm.nih.gov/pmc/PMC6543943	False		False			
https://doi.org/10.1101/705905	https://www.ncbi.nlm.nih.gov/pmc/PMC6434864	False		False			
https://doi.org/10.1101/859504	https://www.ncbi.nlm.nih.gov/pmc/PMC5953555	False		False			
https://doi.org/10.1101/680967	https://www.ncbi.nlm.nih.gov/pmc/PMC5788627	False		False			
https://doi.org/10.1101/535591	https://www.ncbi.nlm.nih.gov/pmc/PMC3291967	False		False			
https://doi.org/10.1101/576561	https://www.ncbi.nlm.nih.gov/pmc/PMC6648340	True		True			
https://doi.org/10.1101/574996	https://www.ncbi.nlm.nih.gov/pmc/PMC6479003	True		True			
https://doi.org/10.1101/491092	https://www.ncbi.nlm.nih.gov/pmc/PMC6791559	True		True			
https://doi.org/10.1101/466102	https://www.ncbi.nlm.nih.gov/pmc/PMC6615641	True		True			
https://doi.org/10.1101/624577	https://www.ncbi.nlm.nih.gov/pmc/PMC6858807	True		True			
https://doi.org/10.1101/069591	https://www.ncbi.nlm.nih.gov/pmc/PMC5310915	True		True			
https://doi.org/10.1101/227181	https://www.ncbi.nlm.nih.gov/pmc/PMC4387527	False		False			
https://doi.org/10.1101/341420	https://www.ncbi.nlm.nih.gov/pmc/PMC2677886	False		False			
https://doi.org/10.1101/308601	https://www.ncbi.nlm.nih.gov/pmc/PMC6300616	True		True			
https://doi.org/10.1101/680843	https://www.ncbi.nlm.nih.gov/pmc/PMC4432233	False		False			
https://doi.org/10.1101/860130	https://www.ncbi.nlm.nih.gov/pmc/PMC6032149	False		False			
https://doi.org/10.1101/501650	https://www.ncbi.nlm.nih.gov/pmc/PMC6620828	True		True			
https://doi.org/10.1101/126672	https://www.ncbi.nlm.nih.gov/pmc/PMC5712619	True		True			
https://doi.org/10.1101/663245	https://www.ncbi.nlm.nih.gov/pmc/PMC6131838	False		False			
https://doi.org/10.1101/530741	https://www.ncbi.nlm.nih.gov/pmc/PMC4898710	False		False			
https://doi.org/10.1101/850776	https://www.ncbi.nlm.nih.gov/pmc/PMC2615083	False		False			
https://doi.org/10.1101/684910	https://www.ncbi.nlm.nih.gov/pmc/PMC6877087	True		True			
https://doi.org/10.1101/260240	https://www.ncbi.nlm.nih.gov/pmc/PMC6351104	True		True			
https://doi.org/10.1101/776930	https://www.ncbi.nlm.nih.gov/pmc/PMC6210049	True		False		False	
https://doi.org/10.1101/096271	https://www.ncbi.nlm.nih.gov/pmc/PMC6149031	False		False			
https://doi.org/10.1101/295543	https://www.ncbi.nlm.nih.gov/pmc/PMC6231766	True		True			
https://doi.org/10.1101/784959	https://www.ncbi.nlm.nih.gov/pmc/PMC5688753	False		False			
https://doi.org/10.1101/677856	https://www.ncbi.nlm.nih.gov/pmc/PMC4710743	False		False			
https://doi.org/10.1101/2020.01.13.905521	https://www.ncbi.nlm.nih.gov/pmc/PMC5768352	False		False			
https://doi.org/10.1101/376533	https://www.ncbi.nlm.nih.gov/pmc/PMC4140668	False		False			
https://doi.org/10.1101/233015	https://www.ncbi.nlm.nih.gov/pmc/PMC5871743	True		True			
https://doi.org/10.1101/179267	https://www.ncbi.nlm.nih.gov/pmc/PMC6562942	True		True			
https://doi.org/10.1101/644856	https://www.ncbi.nlm.nih.gov/pmc/PMC6918075	True		True			
https://doi.org/10.1101/792341	https://www.ncbi.nlm.nih.gov/pmc/PMC6952187	True		True			
https://doi.org/10.1101/305482	https://www.ncbi.nlm.nih.gov/pmc/PMC6281428	True		True			
https://doi.org/10.1101/2020.01.13.905521	https://www.ncbi.nlm.nih.gov/pmc/PMC4171638	False		True		False	
https://doi.org/10.1101/548222	https://www.ncbi.nlm.nih.gov/pmc/PMC6813254	True		True			
https://doi.org/10.1101/201343	https://www.ncbi.nlm.nih.gov/pmc/PMC4572532	False		False			
https://doi.org/10.1101/701383	https://www.ncbi.nlm.nih.gov/pmc/PMC4575059	False		False			
https://doi.org/10.1101/352963	https://www.ncbi.nlm.nih.gov/pmc/PMC6116183	False		True		True	
https://doi.org/10.1101/528307	https://www.ncbi.nlm.nih.gov/pmc/PMC6906741	True		True			
https://doi.org/10.1101/562975	https://www.ncbi.nlm.nih.gov/pmc/PMC6969417	True		True			
https://doi.org/10.1101/350678	https://www.ncbi.nlm.nih.gov/pmc/PMC5008364	False		False			
https://doi.org/10.1101/716134	https://www.ncbi.nlm.nih.gov/pmc/PMC3812281	False		False			
https://doi.org/10.1101/513002	https://www.ncbi.nlm.nih.gov/pmc/PMC3899703	False		False			
https://doi.org/10.1101/810440	https://www.ncbi.nlm.nih.gov/pmc/PMC6617189	False		False			
https://doi.org/10.1101/366674	https://www.ncbi.nlm.nih.gov/pmc/PMC6683577	True		True			
https://doi.org/10.1101/237107	https://www.ncbi.nlm.nih.gov/pmc/PMC6631443	True		True			
https://doi.org/10.1101/627109	https://www.ncbi.nlm.nih.gov/pmc/PMC3754962	False		False			
https://doi.org/10.1101/629980	https://www.ncbi.nlm.nih.gov/pmc/PMC6963503	True		True			
https://doi.org/10.1101/422212	https://www.ncbi.nlm.nih.gov/pmc/PMC6324882	True		True			
https://doi.org/10.1101/732420	https://www.ncbi.nlm.nih.gov/pmc/PMC6881298	True		True			
https://doi.org/10.1101/134056	https://www.ncbi.nlm.nih.gov/pmc/PMC5303331	False		False	These are super similar though√â hard to say for sure that the preprint isn't the prior version of the published paper. I ended up going with not a match due to incomplete overlap in author lists + differences in the sample set.		
https://doi.org/10.1101/547687	https://www.ncbi.nlm.nih.gov/pmc/PMC6786870	True		True			
https://doi.org/10.1101/428243	https://www.ncbi.nlm.nih.gov/pmc/PMC6801134	True		True			
https://doi.org/10.1101/412346	https://www.ncbi.nlm.nih.gov/pmc/PMC6444521	True		True			
https://doi.org/10.1101/287672	https://www.ncbi.nlm.nih.gov/pmc/PMC6147681	True		True			
https://doi.org/10.1101/009100	https://www.ncbi.nlm.nih.gov/pmc/PMC4552029	True		True			
https://doi.org/10.1101/657486	https://www.ncbi.nlm.nih.gov/pmc/PMC6971292	True		True			
https://doi.org/10.1101/202986	https://www.ncbi.nlm.nih.gov/pmc/PMC5319032	False		False			
https://doi.org/10.1101/573683	https://www.ncbi.nlm.nih.gov/pmc/PMC6797479	True		True			
https://doi.org/10.1101/840579	https://www.ncbi.nlm.nih.gov/pmc/PMC6958766	False		False	these are very similar topics by different authors!		
https://doi.org/10.1101/513002	https://www.ncbi.nlm.nih.gov/pmc/PMC3545240	True		False		False	
https://doi.org/10.1101/539791	https://www.ncbi.nlm.nih.gov/pmc/PMC6920352	True		True			
https://doi.org/10.1101/218370	https://www.ncbi.nlm.nih.gov/pmc/PMC6180488	True		True			
https://doi.org/10.1101/692251	https://www.ncbi.nlm.nih.gov/pmc/PMC3037662	False		False			
https://doi.org/10.1101/754226	https://www.ncbi.nlm.nih.gov/pmc/PMC6936144	True		True			
https://doi.org/10.1101/669465	https://www.ncbi.nlm.nih.gov/pmc/PMC6925257	True		True			
https://doi.org/10.1101/361964	https://www.ncbi.nlm.nih.gov/pmc/PMC6627136	False		False			
https://doi.org/10.1101/524124	https://www.ncbi.nlm.nih.gov/pmc/PMC6679413	True		True			
https://doi.org/10.1101/321265	https://www.ncbi.nlm.nih.gov/pmc/PMC6257813	True		True			
https://doi.org/10.1101/680843	https://www.ncbi.nlm.nih.gov/pmc/PMC6379322	True		False		False	
https://doi.org/10.1101/837385	https://www.ncbi.nlm.nih.gov/pmc/PMC6163539	False		False			
https://doi.org/10.1101/106393	https://www.ncbi.nlm.nih.gov/pmc/PMC4141799	False		False			
https://doi.org/10.1101/787119	https://www.ncbi.nlm.nih.gov/pmc/PMC5794462	False		False			
https://doi.org/10.1101/492330	https://www.ncbi.nlm.nih.gov/pmc/PMC5656197	False		False			
https://doi.org/10.1101/447433	https://www.ncbi.nlm.nih.gov/pmc/PMC6579541	True		True			
https://doi.org/10.1101/191544	https://www.ncbi.nlm.nih.gov/pmc/PMC6219562	True		True			
https://doi.org/10.1101/660837	https://www.ncbi.nlm.nih.gov/pmc/PMC6709600	False		False			
https://doi.org/10.1101/043471	https://www.ncbi.nlm.nih.gov/pmc/PMC5035412	True		True			
https://doi.org/10.1101/604181	https://www.ncbi.nlm.nih.gov/pmc/PMC6947807	True		True			
https://doi.org/10.1101/432195	https://www.ncbi.nlm.nih.gov/pmc/PMC6478374	True		True			
https://doi.org/10.1101/599688	https://www.ncbi.nlm.nih.gov/pmc/PMC6657811	True		True			
https://doi.org/10.1101/347021	https://www.ncbi.nlm.nih.gov/pmc/PMC6234284	True		True			
https://doi.org/10.1101/293662	https://www.ncbi.nlm.nih.gov/pmc/PMC6258530	True		True			
https://doi.org/10.1101/161877	https://www.ncbi.nlm.nih.gov/pmc/PMC6211453	True		True			
https://doi.org/10.1101/475244	https://www.ncbi.nlm.nih.gov/pmc/PMC6721383	True		True			
https://doi.org/10.1101/575761	https://www.ncbi.nlm.nih.gov/pmc/PMC6664724	True		True			
https://doi.org/10.1101/2020.01.07.897132	https://www.ncbi.nlm.nih.gov/pmc/PMC5391200	False		False			
https://doi.org/10.1101/335638	https://www.ncbi.nlm.nih.gov/pmc/PMC6478270	True		True			
https://doi.org/10.1101/088633	https://www.ncbi.nlm.nih.gov/pmc/PMC6406291	True		True			
https://doi.org/10.1101/598847	https://www.ncbi.nlm.nih.gov/pmc/PMC6776432	False		False			
https://doi.org/10.1101/443663	https://www.ncbi.nlm.nih.gov/pmc/PMC5355122	False		False			
https://doi.org/10.1101/658880	https://www.ncbi.nlm.nih.gov/pmc/PMC6963198	True		True			
https://doi.org/10.1101/499186	https://www.ncbi.nlm.nih.gov/pmc/PMC6337709	False		False			
https://doi.org/10.1101/074450	https://www.ncbi.nlm.nih.gov/pmc/PMC5776756	False		True		True	Could ask Casey Brown if we're really unsure
https://doi.org/10.1101/018069	https://www.ncbi.nlm.nih.gov/pmc/PMC2577700	False		False			
https://doi.org/10.1101/261412	https://www.ncbi.nlm.nih.gov/pmc/PMC6191699	True		True			
https://doi.org/10.1101/145441	https://www.ncbi.nlm.nih.gov/pmc/PMC6204345	False		False			
https://doi.org/10.1101/765305	https://www.ncbi.nlm.nih.gov/pmc/PMC5975655	False		False			
https://doi.org/10.1101/492876	https://www.ncbi.nlm.nih.gov/pmc/PMC5507356	False		False			
https://doi.org/10.1101/642769	https://www.ncbi.nlm.nih.gov/pmc/PMC6795488	True		True			
https://doi.org/10.1101/450262	https://www.ncbi.nlm.nih.gov/pmc/PMC6642133	True		True			
https://doi.org/10.1101/141549	https://www.ncbi.nlm.nih.gov/pmc/PMC6482572	False		False			
https://doi.org/10.1101/492330	https://www.ncbi.nlm.nih.gov/pmc/PMC4669865	False		False			
https://doi.org/10.1101/684738	https://www.ncbi.nlm.nih.gov/pmc/PMC6978380	True		True			
https://doi.org/10.1101/577148	https://www.ncbi.nlm.nih.gov/pmc/PMC6657830	True		True			
https://doi.org/10.1101/325712	https://www.ncbi.nlm.nih.gov/pmc/PMC6530996	True		True			
https://doi.org/10.1101/765743	https://www.ncbi.nlm.nih.gov/pmc/PMC6435551	False		False			
https://doi.org/10.1101/753046	https://www.ncbi.nlm.nih.gov/pmc/PMC5079800	False		False			
https://doi.org/10.1101/477877	https://www.ncbi.nlm.nih.gov/pmc/PMC6010719	False		False			
https://doi.org/10.1101/190728	https://www.ncbi.nlm.nih.gov/pmc/PMC6092874	True		True			
https://doi.org/10.1101/182998	https://www.ncbi.nlm.nih.gov/pmc/PMC5788660	True		True			
https://doi.org/10.1101/332023	https://www.ncbi.nlm.nih.gov/pmc/PMC6345990	True		True			
https://doi.org/10.1101/261321	https://www.ncbi.nlm.nih.gov/pmc/PMC6357748	True		True			
https://doi.org/10.1101/514406	https://www.ncbi.nlm.nih.gov/pmc/PMC6925891	True		True			
https://doi.org/10.1101/425272	https://www.ncbi.nlm.nih.gov/pmc/PMC5342385	False	No Authors	False	odd one here on the preprint		
https://doi.org/10.1101/821124	https://www.ncbi.nlm.nih.gov/pmc/PMC6222362	False		False			
https://doi.org/10.1101/664516	https://www.ncbi.nlm.nih.gov/pmc/PMC5646813	False		False			
https://doi.org/10.1101/151464	https://www.ncbi.nlm.nih.gov/pmc/PMC5802320	True		True			
https://doi.org/10.1101/860130	https://www.ncbi.nlm.nih.gov/pmc/PMC4653333	False		False			
https://doi.org/10.1101/652511	https://www.ncbi.nlm.nih.gov/pmc/PMC3768959	False		False			
https://doi.org/10.1101/745562	https://www.ncbi.nlm.nih.gov/pmc/PMC6078317	False		False			
https://doi.org/10.1101/608133	https://www.ncbi.nlm.nih.gov/pmc/PMC6876890	True		True			
https://doi.org/10.1101/380659	https://www.ncbi.nlm.nih.gov/pmc/PMC6718663	True		True			
https://doi.org/10.1101/121012	https://www.ncbi.nlm.nih.gov/pmc/PMC3680438	False		False			
https://doi.org/10.1101/274522	https://www.ncbi.nlm.nih.gov/pmc/PMC6180652	True		True			
https://doi.org/10.1101/062844	https://www.ncbi.nlm.nih.gov/pmc/PMC6358928	False		False			
https://doi.org/10.1101/2020.01.14.905869	https://www.ncbi.nlm.nih.gov/pmc/PMC4570686	False		False			
https://doi.org/10.1101/491779	https://www.ncbi.nlm.nih.gov/pmc/PMC6739341	True		True			
https://doi.org/10.1101/015123	https://www.ncbi.nlm.nih.gov/pmc/PMC5564826	False		False			
https://doi.org/10.1101/591404	https://www.ncbi.nlm.nih.gov/pmc/PMC6880546	True		True			
https://doi.org/10.1101/026443	https://www.ncbi.nlm.nih.gov/pmc/PMC5850688	True		True	Fig 3 vs Fig 5 was what convinced me		
https://doi.org/10.1101/723015	https://www.ncbi.nlm.nih.gov/pmc/PMC6959988	True		True			
https://doi.org/10.1101/388280	https://www.ncbi.nlm.nih.gov/pmc/PMC6957234	True		True			
https://doi.org/10.1101/720219	https://www.ncbi.nlm.nih.gov/pmc/PMC6776352	True		True			
https://doi.org/10.1101/293985	https://www.ncbi.nlm.nih.gov/pmc/PMC4015774	False		False			
https://doi.org/10.1101/067850	https://www.ncbi.nlm.nih.gov/pmc/PMC5286425	True		True			
https://doi.org/10.1101/704718	https://www.ncbi.nlm.nih.gov/pmc/PMC3315705	False		False			
https://doi.org/10.1101/110031	https://www.ncbi.nlm.nih.gov/pmc/PMC5687760	True		True			
https://doi.org/10.1101/613281	https://www.ncbi.nlm.nih.gov/pmc/PMC6734240	True		True			
https://doi.org/10.1101/429159	https://www.ncbi.nlm.nih.gov/pmc/PMC6513847	True		True			
https://doi.org/10.1101/223289	https://www.ncbi.nlm.nih.gov/pmc/PMC6468682	False	PDF messed up	False			
https://doi.org/10.1101/157776	https://www.ncbi.nlm.nih.gov/pmc/PMC5786029	True		True			
https://doi.org/10.1101/475889	https://www.ncbi.nlm.nih.gov/pmc/PMC6917748	True		True			
https://doi.org/10.1101/369876	https://www.ncbi.nlm.nih.gov/pmc/PMC6548991	True		True			
https://doi.org/10.1101/073668	https://www.ncbi.nlm.nih.gov/pmc/PMC5310760	True		True			
https://doi.org/10.1101/772061	https://www.ncbi.nlm.nih.gov/pmc/PMC6321370	False		False			
https://doi.org/10.1101/614479	https://www.ncbi.nlm.nih.gov/pmc/PMC6829122	True		True			
https://doi.org/10.1101/078642	https://www.ncbi.nlm.nih.gov/pmc/PMC5408850	True		True			
https://doi.org/10.1101/680843	https://www.ncbi.nlm.nih.gov/pmc/PMC6661262	False		False			
https://doi.org/10.1101/821801	https://www.ncbi.nlm.nih.gov/pmc/PMC5403693	False		False			
https://doi.org/10.1101/231472	https://www.ncbi.nlm.nih.gov/pmc/PMC6105587	True		True			
https://doi.org/10.1101/247635	https://www.ncbi.nlm.nih.gov/pmc/PMC6170548	True		True			
https://doi.org/10.1101/734855	https://www.ncbi.nlm.nih.gov/pmc/PMC5344575	False		False			
https://doi.org/10.1101/494609	https://www.ncbi.nlm.nih.gov/pmc/PMC6871517	True		True			
https://doi.org/10.1101/283853	https://www.ncbi.nlm.nih.gov/pmc/PMC6224193	True		True			
https://doi.org/10.1101/797696	https://www.ncbi.nlm.nih.gov/pmc/PMC5102092	False		False			
https://doi.org/10.1101/620351	https://www.ncbi.nlm.nih.gov/pmc/PMC6200363	False		False			
https://doi.org/10.1101/703397	https://www.ncbi.nlm.nih.gov/pmc/PMC4123945	False		False			
https://doi.org/10.1101/313957	https://www.ncbi.nlm.nih.gov/pmc/PMC5663563	False		False			
https://doi.org/10.1101/141903	https://www.ncbi.nlm.nih.gov/pmc/PMC6053776	True		True			
https://doi.org/10.1101/489534	https://www.ncbi.nlm.nih.gov/pmc/PMC6640297	True		True			
https://doi.org/10.1101/495465	https://www.ncbi.nlm.nih.gov/pmc/PMC6450368	True		True			
https://doi.org/10.1101/015123	https://www.ncbi.nlm.nih.gov/pmc/PMC5346665	False		False			
https://doi.org/10.1101/680843	https://www.ncbi.nlm.nih.gov/pmc/PMC3261042	False		False			
https://doi.org/10.1101/530758	https://www.ncbi.nlm.nih.gov/pmc/PMC6663035	True		False		True	
https://doi.org/10.1101/287755	https://www.ncbi.nlm.nih.gov/pmc/PMC6213907	True		True			
https://doi.org/10.1101/680843	https://www.ncbi.nlm.nih.gov/pmc/PMC6019108	False		False			
https://doi.org/10.1101/532457	https://www.ncbi.nlm.nih.gov/pmc/PMC6942265	False		False			
https://doi.org/10.1101/807727	https://www.ncbi.nlm.nih.gov/pmc/PMC6957296	False		False			
https://doi.org/10.1101/504308	https://www.ncbi.nlm.nih.gov/pmc/PMC6928236	True		True			
https://doi.org/10.1101/691600	https://www.ncbi.nlm.nih.gov/pmc/PMC6952115	True		True			
https://doi.org/10.1101/734079	https://www.ncbi.nlm.nih.gov/pmc/PMC6908432	True		True			
https://doi.org/10.1101/666297	https://www.ncbi.nlm.nih.gov/pmc/PMC6751056	True		True			
https://doi.org/10.1101/172841	https://www.ncbi.nlm.nih.gov/pmc/PMC6033927	True	Bad loading link(fixed)	True	bioRxiv error (now fixed)		
https://doi.org/10.1101/069336	https://www.ncbi.nlm.nih.gov/pmc/PMC3985917	False		False			
https://doi.org/10.1101/531749	https://www.ncbi.nlm.nih.gov/pmc/PMC6721284	True		True			
https://doi.org/10.1101/765743	https://www.ncbi.nlm.nih.gov/pmc/PMC5386524	False		False			
https://doi.org/10.1101/362426	https://www.ncbi.nlm.nih.gov/pmc/PMC6680879	False		False			
https://doi.org/10.1101/187294	https://www.ncbi.nlm.nih.gov/pmc/PMC6325557	True		True			
https://doi.org/10.1101/333609	https://www.ncbi.nlm.nih.gov/pmc/PMC6756731	True		True			
https://doi.org/10.1101/384297	https://www.ncbi.nlm.nih.gov/pmc/PMC6317208	True		True			
https://doi.org/10.1101/055756	https://www.ncbi.nlm.nih.gov/pmc/PMC5210586	True		True			
https://doi.org/10.1101/581785	https://www.ncbi.nlm.nih.gov/pmc/PMC6615859	True		True			
https://doi.org/10.1101/142471	https://www.ncbi.nlm.nih.gov/pmc/PMC5815852	True		True			
